"RECIPE","LAST RUN","RUN RESULT","NOTES"
"Mou.download.recipe","2015-10-05 10:23:40","OK",""
"Mou.install.recipe","2015-10-05 10:23:46","OK",""
"Mou.munki.recipe","2015-10-05 10:23:56","OK",""
"Mou.pkg.recipe","2015-10-05 10:23:57","OK",""
"Smaller.download.recipe","2015-10-05 10:23:58","OK",""
"Smaller.install.recipe","2015-10-05 10:24:04","OK",""
"Smaller.munki.recipe","2015-10-05 10:24:16","OK",""
"Smaller.pkg.recipe","2015-10-05 10:24:17","OK",""
"ADPassMon.download.recipe","2015-10-05 10:24:19","OK",""
"ADPassMon.install.recipe","2015-10-05 10:24:26","OK",""
"ADPassMon.munki.recipe","2015-10-05 10:24:37","OK",""
"ADPassMon.pkg.recipe","2015-10-05 10:24:40","OK",""
"AirDroid.download.recipe","2015-10-05 10:24:42","OK",""
"AirDroid.install.recipe","2015-10-05 10:24:45","OK",""
"AirDroid.munki.recipe","2015-10-05 10:24:51","OK",""
"AirDroid.pkg.recipe","2015-10-05 10:25:00","OK",""
"Anvil.download.recipe","2015-10-05 10:25:02","OK",""
"Anvil.install.recipe","2015-10-05 10:25:08","OK",""
"Anvil.munki.recipe","2015-10-05 10:25:19","OK",""
"Anvil.pkg.recipe","2015-10-05 10:25:20","OK",""
"ApacheDirectoryStudio.download.recipe","2015-10-05 10:25:21","OK",""
"ApacheDirectoryStudio.install.recipe","2015-10-05 10:25:34","OK",""
"ApacheDirectoryStudio.munki.recipe","2015-10-05 10:26:18","OK",""
"ApacheDirectoryStudio.pkg.recipe","2015-10-05 10:26:20","OK",""
"AppWrapper3.download.recipe","2015-10-05 10:27:22","ERROR: Unarchiving /Users/elliot/Library/AutoPkg/Cache/com.github.homebysix.download.AppWrapper3/downloads/appWrapper3.zip with ditto failed: ditto: App Wrapper 3.app/Contents/Frameworks/RBAppearancePak.xojo_plugin_0.dylib: No such file or directory
ditto: Couldn't read pkzip signature.
ditto: Couldn't read pkzip signature.
ditto: Couldn't read pkzip signature.
ditto: Couldn't read pkzip signature.

Failed.
",""
"AppWrapper3.install.recipe","2015-10-05 10:28:22","ERROR: Unarchiving /Users/elliot/Library/AutoPkg/Cache/com.github.homebysix.install.AppWrapper3/downloads/appWrapper3.zip with ditto failed: ditto: App Wrapper 3.app/Contents/Frameworks/RBAppearancePak.xojo_plugin_0.dylib: No such file or directory
ditto: Couldn't read pkzip signature.
ditto: Couldn't read pkzip signature.
ditto: Couldn't read pkzip signature.
ditto: Couldn't read pkzip signature.

Failed.
",""
"AppWrapper3.munki.recipe","2015-10-05 10:28:34","OK",""
"AppWrapper3.pkg.recipe","2015-10-05 10:28:38","OK",""
"AppZapper.download.recipe","2015-10-05 10:28:38","OK",""
"AppZapper.install.recipe","2015-10-05 10:28:45","OK",""
"AppZapper.munki.recipe","2015-10-05 10:28:54","OK",""
"AppZapper.pkg.recipe","2015-10-05 10:28:54","OK",""
"AutoCasperNBI.download.recipe","2015-10-05 10:28:56","OK",""
"AutoCasperNBI.install.recipe","2015-10-05 10:29:05","OK",""
"AutoCasperNBI.munki.recipe","2015-10-05 10:29:19","OK",""
"AutoCasperNBI.pkg.recipe","2015-10-05 10:29:21","OK",""
"AutoPkgr.download.recipe","2015-10-05 10:29:24","OK",""
"AutoPkgr.install.recipe","2015-10-05 10:29:28","OK",""
"AutoPkgr.munki.recipe","2015-10-05 10:29:33","OK",""
"AutoPkgr.pkg.recipe","2015-10-05 10:29:39","OK",""
"BetterTouchTool.download.recipe","2015-10-05 10:29:40","OK",""
"BetterTouchTool.install.recipe","2015-10-05 10:29:48","OK",""
"BetterTouchTool.munki.recipe","2015-10-05 10:30:00","OK",""
"BetterTouchTool.pkg.recipe","2015-10-05 10:30:01","OK",""
"BetterUnarchiver.download.recipe","2015-10-05 10:30:04","OK",""
"BetterUnarchiver.install.recipe","2015-10-05 10:30:06","OK",""
"BetterUnarchiver.munki.recipe","2015-10-05 10:30:10","OK",""
"BetterUnarchiver.pkg.recipe","2015-10-05 10:30:15","OK",""
"BetterWindowManager.download.recipe","2015-10-05 10:30:16","OK",""
"BetterWindowManager.install.recipe","2015-10-05 10:30:21","OK",""
"BetterWindowManager.munki.recipe","2015-10-05 10:30:30","OK",""
"BetterWindowManager.pkg.recipe","2015-10-05 10:30:30","OK",""
"BitTorrentSync.download.recipe","2015-10-05 10:30:35","OK",""
"BitTorrentSync.install.recipe","2015-10-05 10:30:38","OK",""
"BitTorrentSync.munki.recipe","2015-10-05 10:30:44","OK",""
"BitTorrentSync.pkg.recipe","2015-10-05 10:30:49","OK",""
"SkalaColorInstaller.download.recipe","2015-10-05 10:30:51","OK",""
"SkalaColorInstaller.install.recipe","2015-10-05 10:30:55","OK",""
"SkalaColorInstaller.munki.recipe","2015-10-05 10:31:06","OK",""
"SkalaColorInstaller.pkg.recipe","2015-10-05 10:31:09","OK",""
"SkalaPreview.download.recipe","2015-10-05 10:31:13","OK",""
"SkalaPreview.install.recipe","2015-10-05 10:31:27","OK",""
"SkalaPreview.munki.recipe","2015-10-05 10:31:42","OK",""
"SkalaPreview.pkg.recipe","2015-10-05 10:31:49","OK",""
"ForkLift.download.recipe","2015-10-05 10:31:51","OK",""
"ForkLift.install.recipe","2015-10-05 10:31:59","OK",""
"ForkLift.munki.recipe","2015-10-05 10:32:09","OK",""
"ForkLift.pkg.recipe","2015-10-05 10:32:10","OK",""
"NetNewsWire.download.recipe","2015-10-05 10:32:13","OK",""
"NetNewsWire.install.recipe","2015-10-05 10:32:20","OK",""
"NetNewsWire.munki.recipe","2015-10-05 10:32:31","OK",""
"NetNewsWire.pkg.recipe","2015-10-05 10:32:33","OK",""
"Sketch.download.recipe","2015-10-05 10:32:34","OK",""
"Sketch.install.recipe","2015-10-05 10:32:41","OK",""
"Sketch.munki.recipe","2015-10-05 10:32:54","OK",""
"Sketch.pkg.recipe","2015-10-05 10:32:55","OK",""
"BonjourBrowser.pkg.recipe","2015-10-05 10:32:59","OK",""
"Bookends.download.recipe","2015-10-05 10:33:45","OK",""
"Bookends.install.recipe","2015-10-05 10:34:34","OK",""
"Bookends.munki.recipe","2015-10-05 10:35:21","OK",""
"Bookends.pkg.recipe","2015-10-05 10:36:31","OK",""
"Boom2.download.recipe","2015-10-05 10:36:33","OK",""
"Boom2.install.recipe","2015-10-05 10:36:36","OK",""
"Boom2.munki.recipe","2015-10-05 10:36:41","OK",""
"Boom2.pkg.recipe","2015-10-05 10:36:47","OK",""
"Caffeine.install.recipe","2015-10-05 10:36:55","OK",""
"Caffeine.pkg.recipe","2015-10-05 10:36:55","OK",""
"CakeBrew.download.recipe","2015-10-05 10:36:58","OK",""
"CakeBrew.install.recipe","2015-10-05 10:37:05","OK",""
"CakeBrew.munki.recipe","2015-10-05 10:37:18","OK",""
"CakeBrew.pkg.recipe","2015-10-05 10:37:21","OK",""
"SofaControl.download.recipe","2015-10-05 10:37:21","OK",""
"SofaControl.install.recipe","2015-10-05 10:37:22","OK",""
"SofaControl.munki.recipe","2015-10-05 10:37:27","OK",""
"SofaControl.pkg.recipe","2015-10-05 10:37:31","OK",""
"Tags.download.recipe","2015-10-05 10:37:31","OK",""
"Tags.install.recipe","2015-10-05 10:37:32","OK",""
"Tags.munki.recipe","2015-10-05 10:37:36","OK",""
"Tags.pkg.recipe","2015-10-05 10:37:59","OK",""
"CCleaner.download.recipe","2015-10-05 10:38:02","OK",""
"CCleaner.install.recipe","2015-10-05 10:38:04","OK",""
"CCleaner.munki.recipe","2015-10-05 10:38:09","OK",""
"CCleaner.pkg.recipe","2015-10-05 10:38:15","OK",""
"cdto.download.recipe","2015-10-05 10:38:16","OK",""
"cdto.install.recipe","2015-10-05 10:38:19","OK",""
"cdto.munki.recipe","2015-10-05 10:38:32","OK",""
"cdto.pkg.recipe","2015-10-05 10:38:35","OK",""
"Celestia.download.recipe","2015-10-05 10:38:36","OK",""
"Celestia.install.recipe","2015-10-05 10:38:38","OK",""
"Celestia.munki.recipe","2015-10-05 10:38:43","OK",""
"Celestia.pkg.recipe","2015-10-05 10:38:51","OK",""
"CocoaTADS.download.recipe","2015-10-05 10:38:52","OK",""
"CocoaTADS.install.recipe","2015-10-05 10:38:58","OK",""
"CocoaTADS.munki.recipe","2015-10-05 10:39:09","OK",""
"CocoaTADS.pkg.recipe","2015-10-05 10:39:09","OK",""
"NibUnlocker.download.recipe","2015-10-05 10:39:10","OK",""
"NibUnlocker.install.recipe","2015-10-05 10:39:16","OK",""
"NibUnlocker.munki.recipe","2015-10-05 10:39:27","OK",""
"NibUnlocker.pkg.recipe","2015-10-05 10:39:27","OK",""
"TimeTracker.download.recipe","2015-10-05 10:39:28","OK",""
"TimeTracker.install.recipe","2015-10-05 10:39:33","OK",""
"TimeTracker.munki.recipe","2015-10-05 10:39:43","OK",""
"TimeTracker.pkg.recipe","2015-10-05 10:39:43","OK",""
"Clarify.download.recipe","2015-10-05 10:39:46","OK",""
"Clarify.install.recipe","2015-10-05 10:39:55","OK",""
"Clarify.munki.recipe","2015-10-05 10:40:08","OK",""
"Clarify.pkg.recipe","2015-10-05 10:40:10","OK",""
"Cocktail-10.10.download.recipe","2015-10-05 10:40:12","OK",""
"Cocktail-10.10.install.recipe","2015-10-05 10:40:19","OK",""
"Cocktail-10.10.munki.recipe","2015-10-05 10:40:30","OK",""
"Cocktail-10.10.pkg.recipe","2015-10-05 10:40:31","OK",""
"Cocktail-10.11.download.recipe","2015-10-05 10:40:32","OK",""
"Cocktail-10.11.install.recipe","2015-10-05 10:40:40","OK",""
"Cocktail-10.11.munki.recipe","2015-10-05 10:40:50","OK",""
"Cocktail-10.11.pkg.recipe","2015-10-05 10:40:51","OK",""
"Cocktail-10.6.download.recipe","2015-10-05 10:40:51","OK",""
"Cocktail-10.6.install.recipe","2015-10-05 10:40:58","OK",""
"Cocktail-10.6.munki.recipe","2015-10-05 10:41:07","OK",""
"Cocktail-10.6.pkg.recipe","2015-10-05 10:41:08","OK",""
"Cocktail-10.7.download.recipe","2015-10-05 10:41:08","OK",""
"Cocktail-10.7.install.recipe","2015-10-05 10:41:15","OK",""
"Cocktail-10.7.munki.recipe","2015-10-05 10:41:25","OK",""
"Cocktail-10.7.pkg.recipe","2015-10-05 10:41:26","OK",""
"Cocktail-10.8.download.recipe","2015-10-05 10:41:26","OK",""
"Cocktail-10.8.install.recipe","2015-10-05 10:41:33","OK",""
"Cocktail-10.8.munki.recipe","2015-10-05 10:41:42","OK",""
"Cocktail-10.8.pkg.recipe","2015-10-05 10:41:43","OK",""
"Cocktail-10.9.download.recipe","2015-10-05 10:41:44","OK",""
"Cocktail-10.9.install.recipe","2015-10-05 10:41:51","OK",""
"Cocktail-10.9.munki.recipe","2015-10-05 10:42:03","OK",""
"Cocktail-10.9.pkg.recipe","2015-10-05 10:42:04","OK",""
"coconutBattery.download.recipe","2015-10-05 10:42:06","OK",""
"coconutBattery.install.recipe","2015-10-05 10:42:13","OK",""
"coconutBattery.munki.recipe","2015-10-05 10:42:24","OK",""
"coconutBattery.pkg.recipe","2015-10-05 10:42:25","OK",""
"ColorSnapper.download.recipe","2015-10-05 10:42:27","OK",""
"ColorSnapper.install.recipe","2015-10-05 10:42:33","OK",""
"ColorSnapper.munki.recipe","2015-10-05 10:42:44","OK",""
"ColorSnapper.pkg.recipe","2015-10-05 10:42:45","OK",""
"Contexts.download.recipe","2015-10-05 10:42:46","OK",""
"Contexts.install.recipe","2015-10-05 10:42:52","OK",""
"Contexts.munki.recipe","2015-10-05 10:43:02","OK",""
"Contexts.pkg.recipe","2015-10-05 10:43:03","OK",""
"CopyClip.download.recipe","2015-10-05 10:43:05","OK",""
"CopyClip.install.recipe","2015-10-05 10:43:12","OK",""
"CopyClip.munki.recipe","2015-10-05 10:43:22","OK",""
"CopyClip.pkg.recipe","2015-10-05 10:43:24","OK",""
"CrashPlanPROeClient.pkg.recipe","2015-10-05 10:43:38","ERROR: Invalid input path
Failed.
",""
"DeliciousLibrary.download.recipe","2015-10-05 10:43:39","OK",""
"DeliciousLibrary.install.recipe","2015-10-05 10:43:53","OK",""
"DeliciousLibrary.munki.recipe","2015-10-05 10:44:10","OK",""
"DeliciousLibrary.pkg.recipe","2015-10-05 10:44:12","OK",""
"DEVONagentExpress.download.recipe","2015-10-05 10:44:16","OK",""
"DEVONagentExpress.install.recipe","2015-10-05 10:44:24","OK",""
"DEVONagentExpress.munki.recipe","2015-10-05 10:44:37","OK",""
"DEVONagentExpress.pkg.recipe","2015-10-05 10:44:40","OK",""
"DEVONagentPro.download.recipe","2015-10-05 10:44:42","OK",""
"DEVONagentPro.install.recipe","2015-10-05 10:44:51","OK",""
"DEVONagentPro.munki.recipe","2015-10-05 10:45:04","OK",""
"DEVONagentPro.pkg.recipe","2015-10-05 10:45:07","OK",""
"DEVONsphereExpress.download.recipe","2015-10-05 10:45:09","OK",""
"DEVONsphereExpress.install.recipe","2015-10-05 10:45:18","OK",""
"DEVONsphereExpress.munki.recipe","2015-10-05 10:45:29","OK",""
"DEVONsphereExpress.pkg.recipe","2015-10-05 10:45:31","OK",""
"DEVONthinkPersonal.download.recipe","2015-10-05 10:45:35","OK",""
"DEVONthinkPersonal.install.recipe","2015-10-05 10:45:48","OK",""
"DEVONthinkPersonal.munki.recipe","2015-10-05 10:46:05","OK",""
"DEVONthinkPersonal.pkg.recipe","2015-10-05 10:46:09","OK",""
"DEVONthinkPro.download.recipe","2015-10-05 10:46:15","OK",""
"DEVONthinkPro.install.recipe","2015-10-05 10:46:29","OK",""
"DEVONthinkPro.munki.recipe","2015-10-05 10:46:46","OK",""
"DEVONthinkPro.pkg.recipe","2015-10-05 10:46:51","OK",""
"DEVONthinkProOffice.download.recipe","2015-10-05 10:46:57","OK",""
"DEVONthinkProOffice.install.recipe","2015-10-05 10:47:15","OK",""
"DEVONthinkProOffice.munki.recipe","2015-10-05 10:47:35","OK",""
"DEVONthinkProOffice.pkg.recipe","2015-10-05 10:47:43","OK",""
"Divvy.install.recipe","2015-10-05 10:47:50","OK",""
"Divvy.pkg.recipe","2015-10-05 10:47:51","OK",""
"DockerToolbox.download.recipe","2015-10-05 10:47:54","OK",""
"DockerToolbox.install.recipe","2015-10-05 10:47:56","OK",""
"DockerToolbox.munki.recipe","2015-10-05 10:48:00","OK",""
"DockerToolbox.pkg.recipe","2015-10-05 10:48:02","OK",""
"Kitematic.install.recipe","2015-10-05 10:48:06","OK",""
"Kitematic.pkg.recipe","2015-10-05 10:48:10","OK",""
"Mailbox.download.recipe","2015-10-05 10:48:12","OK",""
"Mailbox.install.recipe","2015-10-05 10:48:21","OK",""
"Mailbox.munki.recipe","2015-10-05 10:48:34","OK",""
"Mailbox.pkg.recipe","2015-10-05 10:48:36","OK",""
"duet.download.recipe","2015-10-05 10:48:38","OK",""
"duet.install.recipe","2015-10-05 10:48:45","OK",""
"duet.munki.recipe","2015-10-05 10:48:55","OK",""
"duet.pkg.recipe","2015-10-05 10:48:56","OK",""
"EgnyteDesktopSync.download.recipe","2015-10-05 10:49:13","OK",""
"EgnyteDesktopSync.munki.recipe","2015-10-05 10:49:40","OK",""
"EgnyteDesktopSync.pkg.recipe","2015-10-05 10:50:03","OK",""
"EmailArchiverPro2.download.recipe","2015-10-05 10:50:04","OK",""
"EmailArchiverPro2.install.recipe","2015-10-05 10:50:09","OK",""
"EmailArchiverPro2.munki.recipe","2015-10-05 10:50:19","OK",""
"EmailArchiverPro2.pkg.recipe","2015-10-05 10:50:19","OK",""
"EmailArchiverPro3.download.recipe","2015-10-05 10:50:24","OK",""
"EmailArchiverPro3.install.recipe","2015-10-05 10:50:38","OK",""
"EmailArchiverPro3.munki.recipe","2015-10-05 10:50:49","OK",""
"EmailArchiverPro3.pkg.recipe","2015-10-05 10:50:55","OK",""
"EVE.download.recipe","2015-10-05 10:50:56","OK",""
"EVE.install.recipe","2015-10-05 10:51:03","OK",""
"EVE.munki.recipe","2015-10-05 10:51:15","OK",""
"EVE.pkg.recipe","2015-10-05 10:51:16","OK",""
"iPhotoLibraryManager.download.recipe","2015-10-05 10:51:18","OK",""
"iPhotoLibraryManager.install.recipe","2015-10-05 10:51:26","OK",""
"iPhotoLibraryManager.munki.recipe","2015-10-05 10:51:36","OK",""
"iPhotoLibraryManager.pkg.recipe","2015-10-05 10:51:37","OK",""
"PlistEditPro.download.recipe","2015-10-05 10:51:39","OK",""
"PlistEditPro.install.recipe","2015-10-05 10:51:45","OK",""
"PlistEditPro.munki.recipe","2015-10-05 10:51:56","OK",""
"PlistEditPro.pkg.recipe","2015-10-05 10:51:57","OK",""
"PowerPhotos.download.recipe","2015-10-05 10:51:58","OK",""
"PowerPhotos.install.recipe","2015-10-05 10:52:05","OK",""
"PowerPhotos.munki.recipe","2015-10-05 10:52:16","OK",""
"PowerPhotos.pkg.recipe","2015-10-05 10:52:17","OK",""
"PowerTunes.download.recipe","2015-10-05 10:52:19","OK",""
"PowerTunes.install.recipe","2015-10-05 10:52:26","OK",""
"PowerTunes.munki.recipe","2015-10-05 10:52:36","OK",""
"PowerTunes.pkg.recipe","2015-10-05 10:52:37","OK",""
"FindAnyFile.download.recipe","2015-10-05 10:52:39","OK",""
"FindAnyFile.install.recipe","2015-10-05 10:52:48","OK",""
"FindAnyFile.munki.recipe","2015-10-05 10:52:59","OK",""
"FindAnyFile.pkg.recipe","2015-10-05 10:53:01","OK",""
"Flashlight.download.recipe","2015-10-05 10:53:03","OK",""
"Flashlight.install.recipe","2015-10-05 10:53:09","OK",""
"Flashlight.munki.recipe","2015-10-05 10:53:22","OK",""
"Flashlight.pkg.recipe","2015-10-05 10:53:25","OK",""
"Flux.install.recipe","2015-10-05 10:53:31","OK",""
"Flux.pkg.recipe","2015-10-05 10:53:32","OK",""
"Acorn.download.recipe","2015-10-05 10:53:33","OK",""
"Acorn.install.recipe","2015-10-05 10:53:40","OK",""
"Acorn.munki.recipe","2015-10-05 10:53:51","OK",""
"Acorn.pkg.recipe","2015-10-05 10:53:52","OK",""
"Focus.download.recipe","2015-10-05 10:53:59","OK",""
"Focus.install.recipe","2015-10-05 10:54:15","OK",""
"Focus.munki.recipe","2015-10-05 10:54:33","OK",""
"Focus.pkg.recipe","2015-10-05 10:54:39","OK",""
"Folio.download.recipe","2015-10-05 10:54:43","OK",""
"Folio.install.recipe","2015-10-05 10:54:55","OK",""
"Folio.munki.recipe","2015-10-05 10:55:07","OK",""
"Folio.pkg.recipe","2015-10-05 10:55:12","OK",""
"FontFinagler.download.recipe","2015-10-05 10:55:12","OK",""
"FontFinagler.install.recipe","2015-10-05 10:55:18","OK",""
"FontFinagler.munki.recipe","2015-10-05 10:55:29","OK",""
"FontFinagler.pkg.recipe","2015-10-05 10:55:29","OK",""
"GasMask.download.recipe","2015-10-05 10:55:31","OK",""
"GasMask.install.recipe","2015-10-05 10:55:38","OK",""
"GasMask.munki.recipe","2015-10-05 10:55:47","OK",""
"GasMask.pkg.recipe","2015-10-05 10:55:48","OK",""
"GitHubDesktop.download.recipe","2015-10-05 10:55:51","OK",""
"GitHubDesktop.install.recipe","2015-10-05 10:56:02","OK",""
"GitHubDesktop.munki.recipe","2015-10-05 10:56:18","OK",""
"GitHubDesktop.pkg.recipe","2015-10-05 10:56:20","OK",""
"GoToMeeting.download.recipe","2015-10-05 10:56:24","OK",""
"GoToMeeting.install.recipe","2015-10-05 10:56:38","OK",""
"GoToMeeting.munki.recipe","2015-10-05 10:56:53","OK",""
"GoToMeeting.pkg.recipe","2015-10-05 10:56:56","OK",""
"GrandPerspective.download.recipe","2015-10-05 10:56:58","OK",""
"GrandPerspective.install.recipe","2015-10-05 10:56:59","OK",""
"GrandPerspective.munki.recipe","2015-10-05 10:57:04","OK",""
"GrandPerspective.pkg.recipe","2015-10-05 10:57:08","OK",""
"Helium.download.recipe","2015-10-05 10:57:10","OK",""
"Helium.install.recipe","2015-10-05 10:57:17","OK",""
"Helium.munki.recipe","2015-10-05 10:57:28","OK",""
"Helium.pkg.recipe","2015-10-05 10:57:30","OK",""
"HocusFocus.download.recipe","2015-10-05 10:57:32","OK",""
"HocusFocus.install.recipe","2015-10-05 10:57:42","OK",""
"HocusFocus.munki.recipe","2015-10-05 10:57:53","OK",""
"HocusFocus.pkg.recipe","2015-10-05 10:57:55","OK",""
"HoudahGeo.download.recipe","2015-10-05 10:57:57","OK",""
"HoudahGeo.install.recipe","2015-10-05 10:58:06","OK",""
"HoudahGeo.munki.recipe","2015-10-05 10:58:20","OK",""
"HoudahGeo.pkg.recipe","2015-10-05 10:58:22","OK",""
"HoudahSpot.download.recipe","2015-10-05 10:58:23","OK",""
"HoudahSpot.install.recipe","2015-10-05 10:58:31","OK",""
"HoudahSpot.munki.recipe","2015-10-05 10:58:42","OK",""
"HoudahSpot.pkg.recipe","2015-10-05 10:58:43","OK",""
"Tembo.download.recipe","2015-10-05 10:58:45","OK",""
"Tembo.install.recipe","2015-10-05 10:58:52","OK",""
"Tembo.munki.recipe","2015-10-05 10:59:03","OK",""
"Tembo.pkg.recipe","2015-10-05 10:59:04","OK",""
"Twitterrific.download.recipe","2015-10-05 10:59:06","OK",""
"Twitterrific.install.recipe","2015-10-05 10:59:12","OK",""
"Twitterrific.munki.recipe","2015-10-05 10:59:22","OK",""
"Twitterrific.pkg.recipe","2015-10-05 10:59:23","OK",""
"xScope.download.recipe","2015-10-05 10:59:37","OK",""
"xScope.install.recipe","2015-10-05 11:00:02","OK",""
"xScope.munki.recipe","2015-10-05 11:00:27","OK",""
"xScope.pkg.recipe","2015-10-05 11:00:43","OK",""
"IconGrabber.download.recipe","2015-10-05 11:00:45","OK",""
"IconGrabber.install.recipe","2015-10-05 11:00:46","OK",""
"IconGrabber.munki.recipe","2015-10-05 11:00:51","OK",""
"IconGrabber.pkg.recipe","2015-10-05 11:00:55","OK",""
"iMazing.download.recipe","2015-10-05 11:01:01","OK",""
"iMazing.install.recipe","2015-10-05 11:01:07","OK",""
"iMazing.munki.recipe","2015-10-05 11:01:16","OK",""
"iMazing.pkg.recipe","2015-10-05 11:01:27","OK",""
"Infinit.download.recipe","2015-10-05 11:01:29","OK",""
"Infinit.install.recipe","2015-10-05 11:01:32","OK",""
"Infinit.munki.recipe","2015-10-05 11:01:41","OK",""
"Infinit.pkg.recipe","2015-10-05 11:01:46","OK",""
"Inkscape.install.recipe","2015-10-05 11:01:47","OK",""
"Inkscape.munki.recipe","2015-10-05 11:01:51","OK",""
"Inkscape.pkg.recipe","2015-10-05 11:01:58","OK",""
"Inky.download.recipe","2015-10-05 11:02:07","OK",""
"Inky.install.recipe","2015-10-05 11:02:16","OK",""
"Inky.munki.recipe","2015-10-05 11:02:29","OK",""
"Inky.pkg.recipe","2015-10-05 11:02:46","OK",""
"iNotepad.download.recipe","2015-10-05 11:02:47","OK",""
"iNotepad.install.recipe","2015-10-05 11:02:53","OK",""
"iNotepad.munki.recipe","2015-10-05 11:03:02","OK",""
"iNotepad.pkg.recipe","2015-10-05 11:03:03","OK",""
"CodeCookbookforSwift.download.recipe","2015-10-05 11:03:05","OK",""
"CodeCookbookforSwift.install.recipe","2015-10-05 11:03:16","OK",""
"CodeCookbookforSwift.munki.recipe","2015-10-05 11:03:27","OK",""
"CodeCookbookforSwift.pkg.recipe","2015-10-05 11:03:30","OK",""
"iSwift.download.recipe","2015-10-05 11:03:33","OK",""
"iSwift.install.recipe","2015-10-05 11:03:45","OK",""
"iSwift.munki.recipe","2015-10-05 11:03:59","OK",""
"iSwift.pkg.recipe","2015-10-05 11:04:03","OK",""
"iClip.download.recipe","2015-10-05 11:04:07","OK",""
"iClip.install.recipe","2015-10-05 11:04:16","OK",""
"iClip.munki.recipe","2015-10-05 11:04:30","OK",""
"iClip.pkg.recipe","2015-10-05 11:04:34","OK",""
"SwitchUp.download.recipe","2015-10-05 11:04:34","OK",""
"SwitchUp.install.recipe","2015-10-05 11:04:41","OK",""
"SwitchUp.munki.recipe","2015-10-05 11:04:52","OK",""
"SwitchUp.pkg.recipe","2015-10-05 11:04:53","OK",""
"Tickets.download.recipe","2015-10-05 11:04:53","OK",""
"Tickets.install.recipe","2015-10-05 11:04:59","OK",""
"Tickets.munki.recipe","2015-10-05 11:05:10","OK",""
"Tickets.pkg.recipe","2015-10-05 11:05:11","OK",""
"Tuck.download.recipe","2015-10-05 11:05:12","ERROR: Code signature verification failed. Note that all verifications can be disabled by setting the variable DISABLE_CODE_SIGNATURE_VERIFICATION to a non-empty value.
Failed.
",""
"Tuck.install.recipe","2015-10-05 11:05:12","ERROR: Code signature verification failed. Note that all verifications can be disabled by setting the variable DISABLE_CODE_SIGNATURE_VERIFICATION to a non-empty value.
Failed.
",""
"Tuck.munki.recipe","2015-10-05 11:05:13","ERROR: Code signature verification failed. Note that all verifications can be disabled by setting the variable DISABLE_CODE_SIGNATURE_VERIFICATION to a non-empty value.
Failed.
",""
"Tuck.pkg.recipe","2015-10-05 11:05:14","ERROR: Code signature verification failed. Note that all verifications can be disabled by setting the variable DISABLE_CODE_SIGNATURE_VERIFICATION to a non-empty value.
Failed.
",""
"iStumbler.download.recipe","2015-10-05 11:05:18","OK",""
"iStumbler.install.recipe","2015-10-05 11:05:21","OK",""
"iStumbler.munki.recipe","2015-10-05 11:05:27","OK",""
"iStumbler.pkg.recipe","2015-10-05 11:05:32","OK",""
"iZip.download.recipe","2015-10-05 11:05:36","OK",""
"iZip.install.recipe","2015-10-05 11:05:40","OK",""
"iZip.munki.recipe","2015-10-05 11:05:45","OK",""
"iZip.pkg.recipe","2015-10-05 11:05:50","OK",""
"JSSImporter.download.recipe","2015-10-05 11:05:52","OK",""
"JSSImporter.install.recipe","2015-10-05 11:05:54","OK",""
"duet.download.recipe","2015-10-05 11:05:56","OK",""
"duet.install.recipe","2015-10-05 11:06:02","OK",""
"duet.munki.recipe","2015-10-05 11:06:12","OK",""
"duet.pkg.recipe","2015-10-05 11:06:14","OK",""
"laplock.download.recipe","2015-10-05 11:06:15","OK",""
"laplock.install.recipe","2015-10-05 11:06:22","OK",""
"laplock.munki.recipe","2015-10-05 11:06:32","OK",""
"laplock.pkg.recipe","2015-10-05 11:06:33","OK",""
"GraphicConverter9.download.recipe","2015-10-05 11:06:40","OK",""
"GraphicConverter9.install.recipe","2015-10-05 11:06:59","OK",""
"GraphicConverter9.munki.recipe","2015-10-05 11:07:23","OK",""
"GraphicConverter9.pkg.recipe","2015-10-05 11:07:29","OK",""
"Scapple.download.recipe","2015-10-05 11:07:29","ERROR: Couldn't download http:///scrivener.s3.amazonaws.com/mac_updates/Scapple_1.2.zip (<urlopen error no host given>)
Failed.
",""
"Scapple.install.recipe","2015-10-05 11:07:30","ERROR: Couldn't download http:///scrivener.s3.amazonaws.com/mac_updates/Scapple_1.2.zip (<urlopen error no host given>)
Failed.
",""
"Scapple.munki.recipe","2015-10-05 11:07:30","ERROR: Couldn't download http:///scrivener.s3.amazonaws.com/mac_updates/Scapple_1.2.zip (<urlopen error no host given>)
Failed.
",""
"Scapple.pkg.recipe","2015-10-05 11:07:31","ERROR: Couldn't download http:///scrivener.s3.amazonaws.com/mac_updates/Scapple_1.2.zip (<urlopen error no host given>)
Failed.
",""
"Scrivener.download.recipe","2015-10-05 11:07:33","OK",""
"Scrivener.install.recipe","2015-10-05 11:07:48","OK",""
"Scrivener.munki.recipe","2015-10-05 11:08:06","OK",""
"Scrivener.pkg.recipe","2015-10-05 11:08:09","OK",""
"LiveSurfaceContext.download.recipe","2015-10-05 11:08:11","OK",""
"LiveSurfaceContext.install.recipe","2015-10-05 11:08:25","OK",""
"LiveSurfaceContext.munki.recipe","2015-10-05 11:08:44","OK",""
"LiveSurfaceContext.pkg.recipe","2015-10-05 11:08:46","OK",""
"MacDVDRipperPro.download.recipe","2015-10-05 11:08:51","OK",""
"MacDVDRipperPro.install.recipe","2015-10-05 11:09:23","OK",""
"MacDVDRipperPro.munki.recipe","2015-10-05 11:10:01","OK",""
"MacDVDRipperPro.pkg.recipe","2015-10-05 11:10:06","OK",""
"CleanMyMac2.download.recipe","2015-10-05 11:10:09","ERROR: Unarchiving /Users/elliot/Library/AutoPkg/Cache/com.github.homebysix.download.CleanMyMac2/downloads/CleanMyMac 2-2.4.zip with ditto failed: ditto: Couldn't read PKZip signature

Failed.
",""
"CleanMyMac2.install.recipe","2015-10-05 11:10:10","ERROR: Unarchiving /Users/elliot/Library/AutoPkg/Cache/com.github.homebysix.install.CleanMyMac2/downloads/CleanMyMac 2-2.4.zip with ditto failed: ditto: Couldn't read PKZip signature

Failed.
",""
"CleanMyMac2.munki.recipe","2015-10-05 11:10:11","ERROR: Unarchiving /Users/elliot/Library/AutoPkg/Cache/com.github.homebysix.munki.CleanMyMac2/downloads/CleanMyMac 2-2.4.zip with ditto failed: ditto: Couldn't read PKZip signature

Failed.
",""
"CleanMyMac2.pkg.recipe","2015-10-05 11:10:12","ERROR: Unarchiving /Users/elliot/Library/AutoPkg/Cache/com.github.homebysix.pkg.CleanMyMac2/downloads/CleanMyMac 2-2.4.zip with ditto failed: ditto: Couldn't read PKZip signature

Failed.
",""
"CleanMyMac3-beta.download.recipe","2015-10-05 11:10:16","OK",""
"CleanMyMac3-beta.install.recipe","2015-10-05 11:10:33","OK",""
"CleanMyMac3-beta.munki.recipe","2015-10-05 11:10:47","OK",""
"CleanMyMac3-beta.pkg.recipe","2015-10-05 11:10:50","OK",""
"CleanMyMac3.download.recipe","2015-10-05 11:10:53","OK",""
"CleanMyMac3.install.recipe","2015-10-05 11:11:09","OK",""
"CleanMyMac3.munki.recipe","2015-10-05 11:11:26","OK",""
"CleanMyMac3.pkg.recipe","2015-10-05 11:11:33","OK",""
"Gemini.download.recipe","2015-10-05 11:11:34","ERROR: 'NoneType' object has no attribute 'find'
Failed.
",""
"Gemini.install.recipe","2015-10-05 11:11:34","ERROR: 'NoneType' object has no attribute 'find'
Failed.
",""
"Gemini.munki.recipe","2015-10-05 11:11:35","ERROR: 'NoneType' object has no attribute 'find'
Failed.
",""
"Gemini.pkg.recipe","2015-10-05 11:11:35","ERROR: 'NoneType' object has no attribute 'find'
Failed.
",""
"Hider2.download.recipe","2015-10-05 11:11:36","ERROR: Unarchiving /Users/elliot/Library/AutoPkg/Cache/com.github.homebysix.download.Hider2/downloads/MacPaw Hider 2-2.2.4.zip with ditto failed: ditto: Couldn't read PKZip signature

Failed.
",""
"Hider2.install.recipe","2015-10-05 11:11:37","ERROR: Unarchiving /Users/elliot/Library/AutoPkg/Cache/com.github.homebysix.install.Hider2/downloads/MacPaw Hider 2-2.2.4.zip with ditto failed: ditto: Couldn't read PKZip signature

Failed.
",""
"Hider2.munki.recipe","2015-10-05 11:11:37","ERROR: Unarchiving /Users/elliot/Library/AutoPkg/Cache/com.github.homebysix.munki.Hider2/downloads/MacPaw Hider 2-2.2.4.zip with ditto failed: ditto: Couldn't read PKZip signature

Failed.
",""
"Hider2.pkg.recipe","2015-10-05 11:11:38","ERROR: Unarchiving /Users/elliot/Library/AutoPkg/Cache/com.github.homebysix.pkg.Hider2/downloads/MacPaw Hider 2-2.2.4.zip with ditto failed: ditto: Couldn't read PKZip signature

Failed.
",""
"Espresso.download.recipe","2015-10-05 11:11:39","OK",""
"Espresso.install.recipe","2015-10-05 11:11:46","OK",""
"Espresso.munki.recipe","2015-10-05 11:11:57","OK",""
"Espresso.pkg.recipe","2015-10-05 11:11:58","OK",""
"Slicy.download.recipe","2015-10-05 11:11:59","OK",""
"Slicy.install.recipe","2015-10-05 11:12:06","OK",""
"Slicy.munki.recipe","2015-10-05 11:12:18","OK",""
"Slicy.pkg.recipe","2015-10-05 11:12:19","OK",""
"Mailplane3.install.recipe","2015-10-05 11:12:41","OK",""
"Mailplane3.pkg.recipe","2015-10-05 11:12:50","OK",""
"Butler.download.recipe","2015-10-05 11:12:53","OK",""
"Butler.install.recipe","2015-10-05 11:12:56","OK",""
"Butler.munki.recipe","2015-10-05 11:13:01","OK",""
"Butler.pkg.recipe","2015-10-05 11:13:06","OK",""
"DesktopCurtain.download.recipe","2015-10-05 11:13:09","OK",""
"DesktopCurtain.install.recipe","2015-10-05 11:13:12","OK",""
"DesktopCurtain.munki.recipe","2015-10-05 11:13:18","OK",""
"DesktopCurtain.pkg.recipe","2015-10-05 11:13:23","OK",""
"Displaperture.download.recipe","2015-10-05 11:13:24","OK",""
"Displaperture.install.recipe","2015-10-05 11:13:25","OK",""
"Displaperture.munki.recipe","2015-10-05 11:13:29","OK",""
"Displaperture.pkg.recipe","2015-10-05 11:13:33","OK",""
"KeyCodes.download.recipe","2015-10-05 11:13:35","OK",""
"KeyCodes.install.recipe","2015-10-05 11:13:38","OK",""
"KeyCodes.munki.recipe","2015-10-05 11:13:42","OK",""
"KeyCodes.pkg.recipe","2015-10-05 11:13:47","OK",""
"Keymo.download.recipe","2015-10-05 11:13:50","OK",""
"Keymo.install.recipe","2015-10-05 11:13:53","OK",""
"Keymo.munki.recipe","2015-10-05 11:13:58","OK",""
"Keymo.pkg.recipe","2015-10-05 11:14:03","OK",""
"Leech.download.recipe","2015-10-05 11:14:06","OK",""
"Leech.install.recipe","2015-10-05 11:14:09","OK",""
"Leech.munki.recipe","2015-10-05 11:14:14","OK",""
"Leech.pkg.recipe","2015-10-05 11:14:19","OK",""
"Moom.download.recipe","2015-10-05 11:14:22","OK",""
"Moom.install.recipe","2015-10-05 11:14:26","OK",""
"Moom.munki.recipe","2015-10-05 11:14:32","OK",""
"Moom.pkg.recipe","2015-10-05 11:14:38","OK",""
"NameMangler.download.recipe","2015-10-05 11:14:42","OK",""
"NameMangler.install.recipe","2015-10-05 11:14:46","OK",""
"NameMangler.munki.recipe","2015-10-05 11:14:51","OK",""
"NameMangler.pkg.recipe","2015-10-05 11:14:57","OK",""
"OpenWithManager.download.recipe","2015-10-05 11:14:58","OK",""
"OpenWithManager.install.recipe","2015-10-05 11:14:59","OK",""
"OpenWithManager.munki.recipe","2015-10-05 11:15:03","OK",""
"OpenWithManager.pkg.recipe","2015-10-05 11:15:07","OK",""
"Resolutionator.download.recipe","2015-10-05 11:15:09","OK",""
"Resolutionator.install.recipe","2015-10-05 11:15:12","OK",""
"Resolutionator.munki.recipe","2015-10-05 11:15:17","OK",""
"Resolutionator.pkg.recipe","2015-10-05 11:15:21","OK",""
"TimeSink.download.recipe","2015-10-05 11:15:24","OK",""
"TimeSink.install.recipe","2015-10-05 11:15:28","OK",""
"TimeSink.munki.recipe","2015-10-05 11:15:33","OK",""
"TimeSink.pkg.recipe","2015-10-05 11:15:38","OK",""
"Usher.download.recipe","2015-10-05 11:15:43","OK",""
"Usher.install.recipe","2015-10-05 11:15:51","OK",""
"Usher.munki.recipe","2015-10-05 11:15:58","OK",""
"Usher.pkg.recipe","2015-10-05 11:16:07","OK",""
"MacGourmet.download.recipe","2015-10-05 11:16:10","OK",""
"MacGourmet.install.recipe","2015-10-05 11:16:21","OK",""
"MacGourmet.munki.recipe","2015-10-05 11:16:37","OK",""
"MacGourmet.pkg.recipe","2015-10-05 11:16:40","OK",""
"MacJournal.download.recipe","2015-10-05 11:16:41","OK",""
"MacJournal.install.recipe","2015-10-05 11:16:51","OK",""
"MacJournal.munki.recipe","2015-10-05 11:17:04","OK",""
"MacJournal.pkg.recipe","2015-10-05 11:17:06","OK",""
"MarinerWrite.download.recipe","2015-10-05 11:17:07","OK",""
"MarinerWrite.install.recipe","2015-10-05 11:17:13","OK",""
"MarinerWrite.munki.recipe","2015-10-05 11:17:23","OK",""
"MarinerWrite.pkg.recipe","2015-10-05 11:17:26","OK",""
"Persona.download.recipe","2015-10-05 11:17:27","OK",""
"Persona.install.recipe","2015-10-05 11:17:39","OK",""
"Persona.munki.recipe","2015-10-05 11:17:53","OK",""
"Persona.pkg.recipe","2015-10-05 11:17:55","OK",""
"Marked2.install.recipe","2015-10-05 11:18:13","OK",""
"Marked2.munki.recipe","2015-10-05 11:18:37","OK",""
"Marked2.pkg.recipe","2015-10-05 11:18:46","OK",""
"Briefs.download.recipe","2015-10-05 11:18:47","OK",""
"Briefs.install.recipe","2015-10-05 11:18:58","OK",""
"Briefs.munki.recipe","2015-10-05 11:19:12","OK",""
"Briefs.pkg.recipe","2015-10-05 11:19:14","OK",""
"Changes.download.recipe","2015-10-05 11:19:16","OK",""
"Changes.install.recipe","2015-10-05 11:19:23","OK",""
"Changes.munki.recipe","2015-10-05 11:19:34","OK",""
"Changes.pkg.recipe","2015-10-05 11:19:36","OK",""
"Slender.download.recipe","2015-10-05 11:19:37","OK",""
"Slender.install.recipe","2015-10-05 11:19:46","OK",""
"Slender.munki.recipe","2015-10-05 11:19:55","OK",""
"Slender.pkg.recipe","2015-10-05 11:19:56","OK",""
"Mellel.download.recipe","2015-10-05 11:20:24","OK",""
"Mellel.install.recipe","2015-10-05 11:21:07","OK",""
"Mellel.munki.recipe","2015-10-05 11:21:38","OK",""
"Mellel.pkg.recipe","2015-10-05 11:22:31","OK",""
"MerlinProject.download.recipe","2015-10-05 11:22:33","OK",""
"MerlinProject.install.recipe","2015-10-05 11:22:43","OK",""
"MerlinProject.munki.recipe","2015-10-05 11:22:58","OK",""
"MerlinProject.pkg.recipe","2015-10-05 11:23:00","OK",""
"Monolingual.download.recipe","2015-10-05 11:23:04","OK",""
"Monolingual.install.recipe","2015-10-05 11:23:18","OK",""
"Monolingual.munki.recipe","2015-10-05 11:23:34","OK",""
"Monolingual.pkg.recipe","2015-10-05 11:23:42","OK",""
"Mountain.download.recipe","2015-10-05 11:23:43","OK",""
"Mountain.install.recipe","2015-10-05 11:23:51","OK",""
"Mountain.munki.recipe","2015-10-05 11:24:03","OK",""
"Mountain.pkg.recipe","2015-10-05 11:24:04","OK",""
"FilePane.download.recipe","2015-10-05 11:24:07","OK",""
"FilePane.install.recipe","2015-10-05 11:24:10","OK",""
"FilePane.munki.recipe","2015-10-05 11:24:17","OK",""
"FilePane.pkg.recipe","2015-10-05 11:24:23","OK",""
"NameChanger.download.recipe","2015-10-05 11:24:23","OK",""
"NameChanger.install.recipe","2015-10-05 11:24:30","OK",""
"NameChanger.munki.recipe","2015-10-05 11:24:39","OK",""
"NameChanger.pkg.recipe","2015-10-05 11:24:39","OK",""
"NeoFinder.download.recipe","2015-10-05 11:24:42","OK",""
"NeoFinder.install.recipe","2015-10-05 11:24:50","OK",""
"NeoFinder.munki.recipe","2015-10-05 11:25:00","OK",""
"NeoFinder.pkg.recipe","2015-10-05 11:25:01","OK",""
"Whiskey.download.recipe","2015-10-05 11:25:04","OK",""
"Whiskey.install.recipe","2015-10-05 11:25:12","OK",""
"Whiskey.munki.recipe","2015-10-05 11:25:24","OK",""
"Whiskey.pkg.recipe","2015-10-05 11:25:26","OK",""
"Numi.download.recipe","2015-10-05 11:25:28","OK",""
"Numi.install.recipe","2015-10-05 11:25:37","OK",""
"Numi.munki.recipe","2015-10-05 11:25:50","OK",""
"Numi.pkg.recipe","2015-10-05 11:25:52","OK",""
"Paparazzi.download.recipe","2015-10-05 11:25:53","OK",""
"Paparazzi.install.recipe","2015-10-05 11:25:54","OK",""
"Paparazzi.munki.recipe","2015-10-05 11:25:57","OK",""
"Paparazzi.pkg.recipe","2015-10-05 11:25:59","OK",""
"ParallelsDesktop.download.recipe","2015-10-05 11:26:11","OK",""
"ParallelsDesktop.install.recipe","2015-10-05 11:26:29","OK",""
"ParallelsDesktop.munki.recipe","2015-10-05 11:27:30","OK",""
"ParallelsDesktop.pkg.recipe","2015-10-05 11:27:48","OK",""
"PixateStudio.download.recipe","2015-10-05 11:27:56","OK",""
"PixateStudio.install.recipe","2015-10-05 11:28:21","OK",""
"PixateStudio.munki.recipe","2015-10-05 11:28:52","OK",""
"PixateStudio.pkg.recipe","2015-10-05 11:29:00","OK",""
"Postbox.install.recipe","2015-10-05 15:54:00","OK",""
"Postbox.pkg.recipe","2015-10-05 15:54:31","OK",""
"ProfitTrain.download.recipe","2015-10-05 15:54:31","OK",""
"ProfitTrain.install.recipe","2015-10-05 15:54:37","OK",""
"ProfitTrain.munki.recipe","2015-10-05 15:54:47","OK",""
"ProfitTrain.pkg.recipe","2015-10-05 15:54:48","OK",""
"ABetterFinderAttributes.download.recipe","2015-10-05 15:54:50","OK",""
"ABetterFinderAttributes.install.recipe","2015-10-05 15:54:58","OK",""
"ABetterFinderAttributes.munki.recipe","2015-10-05 15:55:08","OK",""
"ABetterFinderAttributes.pkg.recipe","2015-10-05 15:55:09","OK",""
"ABetterFinderRename.download.recipe","2015-10-05 15:55:10","OK",""
"ABetterFinderRename.install.recipe","2015-10-05 15:55:17","OK",""
"ABetterFinderRename.munki.recipe","2015-10-05 15:55:32","OK",""
"ABetterFinderRename.pkg.recipe","2015-10-05 15:55:38","OK",""
"BigMeanFolderMachine.download.recipe","2015-10-05 15:55:42","OK",""
"BigMeanFolderMachine.install.recipe","2015-10-05 15:55:56","OK",""
"BigMeanFolderMachine.munki.recipe","2015-10-05 15:56:12","OK",""
"BigMeanFolderMachine.pkg.recipe","2015-10-05 15:56:18","OK",""
"MacBreakZ.download.recipe","2015-10-05 15:56:40","OK",""
"MacBreakZ.install.recipe","2015-10-05 15:57:02","OK",""
"MacBreakZ.munki.recipe","2015-10-05 15:57:30","OK",""
"MacBreakZ.pkg.recipe","2015-10-05 15:57:35","OK",""
"NoiseMachine.download.recipe","2015-10-05 15:58:02","OK",""
"NoiseMachine.install.recipe","2015-10-05 15:58:39","OK",""
"NoiseMachine.munki.recipe","2015-10-05 15:58:56","OK",""
"NoiseMachine.pkg.recipe","2015-10-05 15:59:03","OK",""
"VitaminR.install.recipe","2015-10-05 15:59:18","OK",""
"VitaminR.pkg.recipe","2015-10-05 15:59:25","OK",""
"Quicksilver.install.recipe","2015-10-05 15:59:28","OK",""
"Quicksilver.pkg.recipe","2015-10-05 15:59:34","OK",""
"R.download.recipe","2015-10-05 16:00:17","OK",""
"R.install.recipe","2015-10-05 16:00:17","ERROR: Failed.
",""
"R.munki.recipe","2015-10-05 16:01:51","OK",""
"R.pkg.recipe","2015-10-05 16:02:13","OK",""
"Radi.download.recipe","2015-10-05 16:02:30","OK",""
"Radi.install.recipe","2015-10-05 16:03:01","OK",""
"Radi.munki.recipe","2015-10-05 16:03:39","OK",""
"Radi.pkg.recipe","2015-10-05 16:03:52","OK",""
"MenuMeters.download.recipe","2015-10-05 16:03:58","OK",""
"MenuMeters.install.recipe","2015-10-05 16:04:08","OK",""
"MenuMeters.munki.recipe","2015-10-05 16:04:25","OK",""
"MenuMeters.pkg.recipe","2015-10-05 16:04:32","OK",""
"Rdio.download.recipe","2015-10-05 16:04:35","OK",""
"Rdio.install.recipe","2015-10-05 16:04:50","OK",""
"Rdio.munki.recipe","2015-10-05 16:05:04","OK",""
"Rdio.pkg.recipe","2015-10-05 16:05:10","OK",""
"DeepDreamer.download.recipe","2015-10-05 16:05:23","OK",""
"DeepDreamer.install.recipe","2015-10-05 16:06:12","OK",""
"DeepDreamer.munki.recipe","2015-10-05 16:06:53","OK",""
"DeepDreamer.pkg.recipe","2015-10-05 16:07:06","ERROR: Invalid package name
Failed.
",""
"Ember.download.recipe","2015-10-05 16:07:11","OK",""
"Ember.install.recipe","2015-10-05 16:07:30","OK",""
"Ember.munki.recipe","2015-10-05 16:07:51","OK",""
"Ember.pkg.recipe","2015-10-05 16:08:07","OK",""
"RapidWeaver.download.recipe","2015-10-05 16:08:17","OK",""
"RapidWeaver.install.recipe","2015-10-05 16:08:51","OK",""
"RapidWeaver.munki.recipe","2015-10-05 16:09:20","OK",""
"RapidWeaver.pkg.recipe","2015-10-05 16:09:45","OK",""
"RecordIt.download.recipe","2015-10-05 16:09:48","OK",""
"RecordIt.install.recipe","2015-10-05 16:09:58","OK",""
"RecordIt.munki.recipe","2015-10-05 16:10:08","OK",""
"RecordIt.pkg.recipe","2015-10-05 16:10:10","OK",""
"Renamer.download.recipe","2015-10-05 16:10:14","OK",""
"Renamer.install.recipe","2015-10-05 16:10:27","OK",""
"Renamer.munki.recipe","2015-10-05 16:10:39","OK",""
"Renamer.pkg.recipe","2015-10-05 16:10:43","OK",""
"Revisions.download.recipe","2015-10-05 16:10:47","OK",""
"Revisions.install.recipe","2015-10-05 16:10:54","OK",""
"Revisions.munki.recipe","2015-10-05 16:11:04","OK",""
"Revisions.pkg.recipe","2015-10-05 16:11:13","OK",""
"GIFforMac.download.recipe","2015-10-05 16:11:20","OK",""
"GIFforMac.install.recipe","2015-10-05 16:11:27","OK",""
"GIFforMac.munki.recipe","2015-10-05 16:11:33","OK",""
"GIFforMac.pkg.recipe","2015-10-05 16:11:42","OK",""
"RightFont.download.recipe","2015-10-05 16:11:43","OK",""
"RightFont.install.recipe","2015-10-05 16:11:54","OK",""
"RightFont.munki.recipe","2015-10-05 16:12:04","OK",""
"RightFont.pkg.recipe","2015-10-05 16:12:06","OK",""
"AirFoil.download.recipe","2015-10-05 16:12:11","OK",""
"AirFoil.install.recipe","2015-10-05 16:12:16","OK",""
"AirFoil.munki.recipe","2015-10-05 16:12:21","OK",""
"AirFoil.pkg.recipe","2015-10-05 16:12:26","OK",""
"AudioHijack.download.recipe","2015-10-05 16:12:28","OK",""
"AudioHijack.install.recipe","2015-10-05 16:12:38","OK",""
"AudioHijack.munki.recipe","2015-10-05 16:12:51","OK",""
"AudioHijack.pkg.recipe","2015-10-05 16:12:55","OK",""
"Fission.download.recipe","2015-10-05 16:13:02","OK",""
"Fission.install.recipe","2015-10-05 16:13:14","OK",""
"Fission.munki.recipe","2015-10-05 16:13:25","OK",""
"Fission.pkg.recipe","2015-10-05 16:13:28","OK",""
"Nicecast.download.recipe","2015-10-05 16:13:33","OK",""
"Nicecast.install.recipe","2015-10-05 16:13:46","OK",""
"Nicecast.munki.recipe","2015-10-05 16:13:56","OK",""
"Nicecast.pkg.recipe","2015-10-05 16:13:59","OK",""
"Piezo.download.recipe","2015-10-05 16:14:04","OK",""
"Piezo.install.recipe","2015-10-05 16:14:14","OK",""
"Piezo.munki.recipe","2015-10-05 16:14:25","OK",""
"Piezo.pkg.recipe","2015-10-05 16:14:27","OK",""
"RoyalTSX.download.recipe","2015-10-05 16:14:44","OK",""
"RoyalTSX.install.recipe","2015-10-05 16:15:00","OK",""
"RoyalTSX.munki.recipe","2015-10-05 16:15:17","OK",""
"RoyalTSX.pkg.recipe","2015-10-05 16:15:35","OK",""
"Screens.download.recipe","2015-10-05 16:15:42","OK",""
"Screens.install.recipe","2015-10-05 16:15:59","OK",""
"Screens.munki.recipe","2015-10-05 16:16:22","OK",""
"Screens.pkg.recipe","2015-10-05 16:16:35","OK",""
"SecondLife.install.recipe","2015-10-05 16:16:51","OK",""
"SecondLife.munki.recipe","2015-10-05 16:17:01","OK",""
"SecondLife.pkg.recipe","2015-10-05 16:17:27","OK",""
"SelfControl.download.recipe","2015-10-05 16:17:30","OK",""
"SelfControl.install.recipe","2015-10-05 16:17:44","OK",""
"SelfControl.munki.recipe","2015-10-05 16:17:55","OK",""
"SelfControl.pkg.recipe","2015-10-05 16:17:58","OK",""
"SequelPro.pkg.recipe","2015-10-05 16:18:10","OK",""
"Shimo.download.recipe","2015-10-05 16:18:17","OK",""
"Shimo.install.recipe","2015-10-05 16:18:32","OK",""
"Shimo.munki.recipe","2015-10-05 16:18:49","OK",""
"Shimo.pkg.recipe","2015-10-05 16:18:59","OK",""
"SuperDuper.download.recipe","2015-10-05 16:19:06","OK",""
"SuperDuper.install.recipe","2015-10-05 16:19:15","OK",""
"SuperDuper.munki.recipe","2015-10-05 16:19:24","OK",""
"SuperDuper.pkg.recipe","2015-10-05 16:19:34","OK",""
"Simon.download.recipe","2015-10-05 16:19:42","OK",""
"Simon.install.recipe","2015-10-05 16:20:02","OK",""
"Simon.munki.recipe","2015-10-05 16:20:20","OK",""
"Simon.pkg.recipe","2015-10-05 16:20:34","OK",""
"SizeUp.install.recipe","2015-10-05 16:20:48","OK",""
"SizeUp.pkg.recipe","2015-10-05 16:20:54","OK",""
"Smultron7.download.recipe","2015-10-05 16:20:59","OK",""
"Smultron7.install.recipe","2015-10-05 16:21:12","OK",""
"Smultron7.munki.recipe","2015-10-05 16:21:23","OK",""
"Smultron7.pkg.recipe","2015-10-05 16:21:25","OK",""
"SnapGeneViewer.download.recipe","2015-10-05 16:21:38","OK",""
"SnapGeneViewer.install.recipe","2015-10-05 16:21:49","OK",""
"SnapGeneViewer.munki.recipe","2015-10-05 16:22:00","OK",""
"SnapGeneViewer.pkg.recipe","2015-10-05 16:22:20","OK",""
"Exhibeo.download.recipe","2015-10-05 16:22:23","OK",""
"Exhibeo.install.recipe","2015-10-05 16:22:34","OK",""
"Exhibeo.munki.recipe","2015-10-05 16:22:45","OK",""
"Exhibeo.pkg.recipe","2015-10-05 16:22:49","OK",""
"FreewayExpress.download.recipe","2015-10-05 16:22:57","OK",""
"FreewayExpress.install.recipe","2015-10-05 16:23:26","OK",""
"FreewayExpress.munki.recipe","2015-10-05 16:23:57","OK",""
"FreewayExpress.pkg.recipe","2015-10-05 16:24:18","OK",""
"FreewayPro.download.recipe","2015-10-05 16:24:28","OK",""
"FreewayPro.install.recipe","2015-10-05 16:24:52","OK",""
"FreewayPro.munki.recipe","2015-10-05 16:25:22","OK",""
"FreewayPro.pkg.recipe","2015-10-05 16:25:40","OK",""
"Ammonite.download.recipe","2015-10-05 16:25:48","OK",""
"Ammonite.install.recipe","2015-10-05 16:26:04","OK",""
"Ammonite.munki.recipe","2015-10-05 16:26:20","OK",""
"Ammonite.pkg.recipe","2015-10-05 16:26:27","OK",""
"BackupLoupe.download.recipe","2015-10-05 16:26:33","OK",""
"BackupLoupe.install.recipe","2015-10-05 16:26:47","OK",""
"BackupLoupe.munki.recipe","2015-10-05 16:27:03","OK",""
"BackupLoupe.pkg.recipe","2015-10-05 16:27:08","OK",""
"LaunchControl.download.recipe","2015-10-05 16:27:16","OK",""
"LaunchControl.install.recipe","2015-10-05 16:27:33","OK",""
"LaunchControl.munki.recipe","2015-10-05 16:27:49","OK",""
"LaunchControl.pkg.recipe","2015-10-05 16:27:57","OK",""
"SourceForgeURLProvider.recipe","2015-10-05 16:27:57","OK",""
"SousChef.download.recipe","2015-10-05 16:28:02","OK",""
"SousChef.install.recipe","2015-10-05 16:28:18","OK",""
"SousChef.munki.recipe","2015-10-05 16:28:34","OK",""
"SousChef.pkg.recipe","2015-10-05 16:28:43","OK",""
"Sparkle.download.recipe","2015-10-05 16:28:49","OK",""
"Sparkle.install.recipe","2015-10-05 16:29:11","OK",""
"Sparkle.munki.recipe","2015-10-05 16:29:27","OK",""
"Sparkle.pkg.recipe","2015-10-05 16:29:35","OK",""
"SpiderOakONE.download.recipe","2015-10-05 16:29:42","OK",""
"SpiderOakONE.install.recipe","2015-10-05 16:29:49","ERROR: Error processing path '/Users/elliot/Library/AutoPkg/Cache/com.github.homebysix.install.SpiderOakONE/SpiderOakONE.pkg' with glob. 
Failed.
",""
"SpiderOakONE.munki.recipe","2015-10-05 16:30:00","OK",""
"SpiderOakONE.pkg.recipe","2015-10-05 16:30:09","OK",""
"Spotify.install.recipe","2015-10-05 16:30:40","OK",""
"Spotify.pkg.recipe","2015-10-05 16:31:03","OK",""
"KeyboardMaestro.download.recipe","2015-10-05 16:31:23","OK",""
"KeyboardMaestro.install.recipe","2015-10-05 16:31:48","OK",""
"KeyboardMaestro.munki.recipe","2015-10-05 16:32:15","OK",""
"KeyboardMaestro.pkg.recipe","2015-10-05 16:32:29","OK",""
"Stand.download.recipe","2015-10-05 16:32:32","OK",""
"Stand.install.recipe","2015-10-05 16:32:46","OK",""
"Stand.munki.recipe","2015-10-05 16:32:56","OK",""
"Stand.pkg.recipe","2015-10-05 16:32:59","OK",""
"StickyBrain.download.recipe","2015-10-05 16:33:02","OK",""
"StickyBrain.install.recipe","2015-10-05 16:33:07","OK",""
"StickyBrain.munki.recipe","2015-10-05 16:33:13","OK",""
"StickyBrain.pkg.recipe","2015-10-05 16:33:22","OK",""
"StretchLink.download.recipe","2015-10-05 16:33:25","OK",""
"StretchLink.install.recipe","2015-10-05 16:33:37","OK",""
"StretchLink.munki.recipe","2015-10-05 16:33:52","OK",""
"StretchLink.pkg.recipe","2015-10-05 16:33:57","OK",""
"SugarSync.download.recipe","2015-10-05 16:33:59","OK",""
"SugarSync.install.recipe","2015-10-05 16:34:10","OK",""
"SugarSync.munki.recipe","2015-10-05 16:34:20","OK",""
"SugarSync.pkg.recipe","2015-10-05 16:34:39","OK",""
"Capo.download.recipe","2015-10-05 16:34:48","OK",""
"Capo.install.recipe","2015-10-05 16:35:16","OK",""
"Capo.munki.recipe","2015-10-05 16:35:39","OK",""
"Capo.pkg.recipe","2015-10-05 16:35:56","OK",""
"FuzzMeasure.download.recipe","2015-10-05 16:36:00","OK",""
"FuzzMeasure.install.recipe","2015-10-05 16:36:15","OK",""
"FuzzMeasure.munki.recipe","2015-10-05 16:36:35","OK",""
"FuzzMeasure.pkg.recipe","2015-10-05 16:36:42","OK",""
"TapeDeck.download.recipe","2015-10-05 16:36:47","OK",""
"TapeDeck.install.recipe","2015-10-05 16:36:59","OK",""
"TapeDeck.munki.recipe","2015-10-05 16:37:11","OK",""
"TapeDeck.pkg.recipe","2015-10-05 16:37:16","OK",""
"TableauReader.download.recipe","2015-10-05 16:39:02","OK",""
"TableauReader.install.recipe","2015-10-05 16:41:05","OK",""
"TableauReader.munki.recipe","2015-10-05 16:42:44","OK",""
"TableauReader.pkg.recipe","2015-10-05 16:45:11","OK",""
"TextBar.download.recipe","2015-10-05 16:45:13","OK",""
"TextBar.install.recipe","2015-10-05 16:45:24","OK",""
"TextBar.munki.recipe","2015-10-05 16:45:36","OK",""
"TextBar.pkg.recipe","2015-10-05 16:45:40","OK",""
"Thyme.download.recipe","2015-10-05 16:45:42","OK",""
"Thyme.install.recipe","2015-10-05 16:45:48","OK",""
"Thyme.munki.recipe","2015-10-05 16:45:55","OK",""
"Thyme.pkg.recipe","2015-10-05 16:46:04","OK",""
"TimeMachineEditor.download.recipe","2015-10-05 16:46:06","OK",""
"TimeMachineEditor.install.recipe","2015-10-05 16:46:16","OK",""
"TimeMachineEditor.munki.recipe","2015-10-05 16:46:26","OK",""
"TimeMachineEditor.pkg.recipe","2015-10-05 16:46:28","OK",""
"TMNotifier.download.recipe","2015-10-05 16:46:32","OK",""
"TMNotifier.install.recipe","2015-10-05 16:46:37","OK",""
"TMNotifier.munki.recipe","2015-10-05 16:46:42","OK",""
"TMNotifier.pkg.recipe","2015-10-05 16:46:50","OK",""
"TorBrowserBundle.download.recipe","2015-10-05 16:46:57","OK",""
"TorBrowserBundle.install.recipe","2015-10-05 16:47:26","OK",""
"TorBrowserBundle.munki.recipe","2015-10-05 16:48:02","OK",""
"TorBrowserBundle.pkg.recipe","2015-10-05 16:48:29","OK",""
"Tower.download.recipe","2015-10-05 16:48:37","OK",""
"Tower.install.recipe","2015-10-05 16:48:59","OK",""
"Tower.munki.recipe","2015-10-05 16:49:21","OK",""
"Tower.pkg.recipe","2015-10-05 16:49:34","OK",""
"DiskDiet.download.recipe","2015-10-05 16:49:37","OK",""
"DiskDiet.install.recipe","2015-10-05 16:49:48","OK",""
"DiskDiet.munki.recipe","2015-10-05 16:50:01","OK",""
"DiskDiet.pkg.recipe","2015-10-05 16:50:06","OK",""
"FolderTidy.download.recipe","2015-10-05 16:50:09","OK",""
"FolderTidy.install.recipe","2015-10-05 16:50:20","OK",""
"FolderTidy.munki.recipe","2015-10-05 16:50:33","OK",""
"FolderTidy.pkg.recipe","2015-10-05 16:50:35","OK",""
"HandsFree2.download.recipe","2015-10-05 16:50:37","OK",""
"HandsFree2.install.recipe","2015-10-05 16:50:50","OK",""
"HandsFree2.munki.recipe","2015-10-05 16:51:03","OK",""
"HandsFree2.pkg.recipe","2015-10-05 16:51:05","OK",""
"SilentStart.download.recipe","2015-10-05 16:51:07","OK",""
"SilentStart.install.recipe","2015-10-05 16:51:17","OK",""
"SilentStart.munki.recipe","2015-10-05 16:51:28","OK",""
"SilentStart.pkg.recipe","2015-10-05 16:51:30","OK",""
"TGPro.download.recipe","2015-10-05 16:51:35","OK",""
"TGPro.install.recipe","2015-10-05 16:51:48","OK",""
"TGPro.munki.recipe","2015-10-05 16:52:01","OK",""
"TGPro.pkg.recipe","2015-10-05 16:52:04","OK",""
"TunnelBear.download.recipe","2015-10-05 16:52:11","OK",""
"TunnelBear.install.recipe","2015-10-05 16:52:25","OK",""
"TunnelBear.munki.recipe","2015-10-05 16:52:42","OK",""
"TunnelBear.pkg.recipe","2015-10-05 16:52:51","OK",""
"Tunnelblick.download.recipe","2015-10-05 16:53:00","OK",""
"Tunnelblick.install.recipe","2015-10-05 16:53:11","OK",""
"Tunnelblick.munki.recipe","2015-10-05 16:53:26","OK",""
"Tunnelblick.pkg.recipe","2015-10-05 16:53:38","OK",""
"UnRarX.download.recipe","2015-10-05 16:53:42","OK",""
"UnRarX.install.recipe","2015-10-05 16:53:58","OK",""
"UnRarX.munki.recipe","2015-10-05 16:54:13","OK",""
"UnRarX.pkg.recipe","2015-10-05 16:54:18","OK",""
"VersionSplitter.recipe","2015-10-05 16:54:18","OK",""
"Vienna.download.recipe","2015-10-05 16:54:20","OK",""
"Vienna.install.recipe","2015-10-05 16:54:30","OK",""
"Vienna.munki.recipe","2015-10-05 16:54:42","OK",""
"Vienna.pkg.recipe","2015-10-05 16:54:45","OK",""
"VimR.download.recipe","2015-10-05 16:54:49","OK",""
"VimR.install.recipe","2015-10-05 16:55:07","OK",""
"VimR.munki.recipe","2015-10-05 16:55:27","OK",""
"VimR.pkg.recipe","2015-10-05 16:55:35","OK",""
"VirtualC64.download.recipe","2015-10-05 16:55:50","OK",""
"VirtualC64.install.recipe","2015-10-05 16:56:08","OK",""
"VirtualC64.munki.recipe","2015-10-05 16:56:31","OK",""
"VirtualC64.pkg.recipe","2015-10-05 16:56:40","OK",""
"EasyBatchPhoto.download.recipe","2015-10-05 16:56:41","OK",""
"EasyBatchPhoto.install.recipe","2015-10-05 16:56:44","OK",""
"EasyBatchPhoto.munki.recipe","2015-10-05 16:56:49","OK",""
"EasyBatchPhoto.pkg.recipe","2015-10-05 16:56:54","OK",""
"EasyCrop.download.recipe","2015-10-05 16:56:56","OK",""
"EasyCrop.install.recipe","2015-10-05 16:56:59","OK",""
"EasyCrop.munki.recipe","2015-10-05 16:57:02","OK",""
"EasyCrop.pkg.recipe","2015-10-05 16:57:07","OK",""
"EasyFrame.download.recipe","2015-10-05 16:57:10","OK",""
"EasyFrame.install.recipe","2015-10-05 16:57:15","OK",""
"EasyFrame.munki.recipe","2015-10-05 16:57:22","OK",""
"EasyFrame.pkg.recipe","2015-10-05 16:57:30","OK",""
"FileChute.download.recipe","2015-10-05 16:57:35","ERROR: Code signature verification failed. Note that all verifications can be disabled by setting the variable DISABLE_CODE_SIGNATURE_VERIFICATION to a non-empty value.
Failed.
",""
"FileChute.install.recipe","2015-10-05 16:57:40","ERROR: Code signature verification failed. Note that all verifications can be disabled by setting the variable DISABLE_CODE_SIGNATURE_VERIFICATION to a non-empty value.
Failed.
",""
"FileChute.munki.recipe","2015-10-05 16:57:45","ERROR: Code signature verification failed. Note that all verifications can be disabled by setting the variable DISABLE_CODE_SIGNATURE_VERIFICATION to a non-empty value.
Failed.
",""
"FileChute.pkg.recipe","2015-10-05 16:57:51","ERROR: Code signature verification failed. Note that all verifications can be disabled by setting the variable DISABLE_CODE_SIGNATURE_VERIFICATION to a non-empty value.
Failed.
",""
"FolderBrander.download.recipe","2015-10-05 16:57:53","OK",""
"FolderBrander.install.recipe","2015-10-05 16:57:56","OK",""
"FolderBrander.munki.recipe","2015-10-05 16:58:00","OK",""
"FolderBrander.pkg.recipe","2015-10-05 16:58:06","OK",""
"SizzlingKeys.download.recipe","2015-10-05 16:58:08","OK",""
"SizzlingKeys.install.recipe","2015-10-05 16:58:13","OK",""
"SizzlingKeys.munki.recipe","2015-10-05 16:58:20","OK",""
"SizzlingKeys.pkg.recipe","2015-10-05 16:58:26","OK",""
"SnapNDrag.download.recipe","2015-10-05 16:58:27","OK",""
"SnapNDrag.install.recipe","2015-10-05 16:58:31","OK",""
"SnapNDrag.munki.recipe","2015-10-05 16:58:34","OK",""
"SnapNDrag.pkg.recipe","2015-10-05 16:58:39","OK",""
"YemuZip.download.recipe","2015-10-05 16:58:40","OK",""
"YemuZip.install.recipe","2015-10-05 16:58:42","OK",""
"YemuZip.munki.recipe","2015-10-05 16:58:45","OK",""
"YemuZip.pkg.recipe","2015-10-05 16:58:50","OK",""
"ZendStudio.download.recipe","2015-10-05 16:59:19","OK",""
"ZendStudio.install.recipe","2015-10-05 16:59:51","OK",""
"ZendStudio.munki.recipe","2015-10-05 17:00:17","OK",""
"ZendStudio.pkg.recipe","2015-10-05 17:01:19","OK",""
"Zoom.install.recipe","2015-10-05 17:01:30","OK",""
"Zoom.munki.recipe","2015-10-05 17:01:34","OK",""
"Zoom.pkg.recipe","2015-10-05 17:01:38","OK",""
"ZoomPresence.download.recipe","2015-10-05 17:01:43","OK",""
"ZoomPresence.install.recipe","2015-10-05 17:01:48","OK",""
"ZoomPresence.munki.recipe","2015-10-05 17:01:49","OK",""